timestamp,equity,price
2024-10-12 00:00:00+00:00,10000.0,57715.2
2024-10-13 00:00:00+00:00,10000.0,57508.4
2024-10-14 00:00:00+00:00,10000.0,60452.0
2024-10-15 00:00:00+00:00,10000.0,61519.9
2024-10-16 00:00:00+00:00,10000.0,62260.1
2024-10-17 00:00:00+00:00,10000.0,62184.0
2024-10-18 00:00:00+00:00,10000.0,62958.7
2024-10-19 00:00:00+00:00,10000.0,62838.3
2024-10-20 00:00:00+00:00,10000.0,63405.9
2024-10-21 00:00:00+00:00,10000.0,62232.2
2024-10-22 00:00:00+00:00,10000.0,62397.2
2024-10-23 00:00:00+00:00,10000.0,61800.1
2024-10-24 00:00:00+00:00,10000.0,62957.9
2024-10-25 00:00:00+00:00,10000.0,61785.3
2024-10-26 00:00:00+00:00,10000.0,62129.0
2024-10-27 00:00:00+00:00,10000.0,62915.9
2024-10-28 00:00:00+00:00,10000.0,64551.5
2024-10-29 00:00:00+00:00,10000.0,67124.2
2024-10-30 00:00:00+00:00,10000.0,66600.3
2024-10-31 00:00:00+00:00,10000.0,64531.9
2024-11-01 00:00:00+00:00,10000.0,64170.5
2024-11-02 00:00:00+00:00,10000.0,64040.0
2024-11-03 00:00:00+00:00,10000.0,63309.9
2024-11-04 00:00:00+00:00,10000.0,62364.0
2024-11-05 00:00:00+00:00,10000.0,63482.7
2024-11-06 00:00:00+00:00,10000.0,70390.0
2024-11-07 00:00:00+00:00,10000.0,70301.1
2024-11-08 00:00:00+00:00,10000.0,71456.5
2024-11-09 00:00:00+00:00,10000.0,71565.6
2024-11-10 00:00:00+00:00,10000.0,74864.8
2024-11-11 00:00:00+00:00,10000.0,82187.9
2024-11-12 00:00:00+00:00,10000.0,82488.0
2024-11-13 00:00:00+00:00,10000.0,85446.0
2024-11-14 00:00:00+00:00,10000.0,82884.8
2024-11-15 00:00:00+00:00,10000.0,86291.4
2024-11-16 00:00:00+00:00,10000.0,85643.2
2024-11-17 00:00:00+00:00,10000.0,85101.0
2024-11-18 00:00:00+00:00,10000.0,85430.9
2024-11-19 00:00:00+00:00,10000.0,87063.1
2024-11-20 00:00:00+00:00,10000.0,89111.6
2024-11-21 00:00:00+00:00,10000.0,93654.6
2024-11-22 00:00:00+00:00,10000.0,94812.3
2024-11-23 00:00:00+00:00,10000.0,93311.2
2024-11-24 00:00:00+00:00,10000.0,93396.0
2024-11-25 00:00:00+00:00,10000.0,88997.3
2024-11-26 00:00:00+00:00,10000.0,87586.8
2024-11-27 00:00:00+00:00,10000.0,90828.1
2024-11-28 00:00:00+00:00,10000.0,90557.5
2024-11-29 00:00:00+00:00,10000.0,92169.3
2024-11-30 00:00:00+00:00,10000.0,91134.5
2024-12-01 00:00:00+00:00,10000.0,92133.0
2024-12-02 00:00:00+00:00,10000.0,91261.7
2024-12-03 00:00:00+00:00,10000.0,91239.3
2024-12-04 00:00:00+00:00,10000.0,93734.9
2024-12-05 00:00:00+00:00,10000.0,91721.5
2024-12-06 00:00:00+00:00,10000.0,94414.3
2024-12-07 00:00:00+00:00,10000.0,94367.3
2024-12-08 00:00:00+00:00,10000.0,95578.5
2024-12-09 00:00:00+00:00,10000.0,92350.5
2024-12-10 00:00:00+00:00,10000.0,91882.6
2024-12-11 00:00:00+00:00,10000.0,96240.7
2024-12-12 00:00:00+00:00,10000.0,95485.1
2024-12-13 00:00:00+00:00,10000.0,96600.9
2024-12-14 00:00:00+00:00,10000.0,96510.9
2024-12-15 00:00:00+00:00,10000.0,98902.1
2024-12-16 00:00:00+00:00,10000.0,100539.8
2024-12-17 00:00:00+00:00,10000.0,101091.5
2024-12-18 00:00:00+00:00,10000.0,96776.9
2024-12-19 00:00:00+00:00,10000.0,94050.0
2024-12-20 00:00:00+00:00,10000.0,93844.0
2024-12-21 00:00:00+00:00,10000.0,93378.5
2024-12-22 00:00:00+00:00,10000.0,91182.7
2024-12-23 00:00:00+00:00,10000.0,91100.0
2024-12-24 00:00:00+00:00,10000.0,94853.3
2024-12-25 00:00:00+00:00,10000.0,95526.1
2024-12-26 00:00:00+00:00,10000.0,91791.6
2024-12-27 00:00:00+00:00,10000.0,90372.0
2024-12-28 00:00:00+00:00,10000.0,91224.8
2024-12-29 00:00:00+00:00,10000.0,89712.0
2024-12-30 00:00:00+00:00,10000.0,89089.9
2024-12-31 00:00:00+00:00,10000.0,90106.4
2025-01-01 00:00:00+00:00,10000.0,91186.0
2025-01-02 00:00:00+00:00,10000.0,94390.8
2025-01-03 00:00:00+00:00,10000.0,95225.5
2025-01-04 00:00:00+00:00,10000.0,95293.3
2025-01-05 00:00:00+00:00,10000.0,95431.7
2025-01-06 00:00:00+00:00,10000.0,98412.5
2025-01-07 00:00:00+00:00,10000.0,93801.2
2025-01-08 00:00:00+00:00,10000.0,92219.0
2025-01-09 00:00:00+00:00,10000.0,89936.7
2025-01-10 00:00:00+00:00,10000.0,92503.3
2025-01-11 00:00:00+00:00,10000.0,92251.3
2025-01-12 00:00:00+00:00,9975.197287277575,92249.5
2025-01-13 00:00:00+00:00,9950.572018897588,92100.9
2025-01-14 00:00:00+00:00,9950.572018897588,93689.9
2025-01-15 00:00:00+00:00,9950.572018897588,97499.9
2025-01-16 00:00:00+00:00,9877.091798257969,96994.3
2025-01-17 00:00:00+00:00,10280.320674801807,101164.1
2025-01-18 00:00:00+00:00,10309.57309342009,101466.6
2025-01-19 00:00:00+00:00,10027.54109705573,98550.1
2025-01-20 00:00:00+00:00,9975.408935478486,98011.0
2025-01-21 00:00:00+00:00,10361.947010523101,102008.2
2025-01-22 00:00:00+00:00,10133.97154972112,99650.7
2025-01-23 00:00:00+00:00,10148.786328340362,99803.9
2025-01-24 00:00:00+00:00,10163.349681212803,99954.5
2025-01-25 00:00:00+00:00,10153.998577475984,99857.8
2025-01-26 00:00:00+00:00,9978.996587480928,98048.1
2025-01-27 00:00:00+00:00,9950.546797208204,97753.9
2025-01-28 00:00:00+00:00,9894.169408598425,97170.9
2025-01-29 00:00:00+00:00,10118.460515187659,99490.3
2025-01-30 00:00:00+00:00,10236.311498890467,100709.0
2025-01-31 00:00:00+00:00,10060.294135687174,98888.8
2025-02-01 00:00:00+00:00,9912.658871209387,97362.1
2025-02-02 00:00:00+00:00,9722.958145247458,95400.4
2025-02-03 00:00:00+00:00,10000.213052422583,98267.5
2025-02-04 00:00:00+00:00,9619.428758891318,94329.8
2025-02-05 00:00:00+00:00,9485.999049107828,92950.0
2025-02-06 00:00:00+00:00,9495.427514612895,93047.5
2025-02-07 00:00:00+00:00,9472.032977437359,93545.4
2025-02-08 00:00:00+00:00,9472.032977437359,93537.6
2025-02-09 00:00:00+00:00,9472.032977437359,93600.1
2025-02-10 00:00:00+00:00,9472.032977437359,94589.0
2025-02-11 00:00:00+00:00,9472.032977437359,92453.0
2025-02-12 00:00:00+00:00,9472.032977437359,94172.8
2025-02-13 00:00:00+00:00,9472.032977437359,92358.8
2025-02-14 00:00:00+00:00,9472.032977437359,92952.0
2025-02-15 00:00:00+00:00,9472.032977437359,93085.1
2025-02-16 00:00:00+00:00,9472.032977437359,91751.1
2025-02-17 00:00:00+00:00,9472.032977437359,91367.8
2025-02-18 00:00:00+00:00,9472.032977437359,91449.4
2025-02-19 00:00:00+00:00,9472.032977437359,92670.8
2025-02-20 00:00:00+00:00,9472.032977437359,93673.1
2025-02-21 00:00:00+00:00,9472.032977437359,91974.3
2025-02-22 00:00:00+00:00,9472.032977437359,92342.2
2025-02-23 00:00:00+00:00,9472.032977437359,91900.1
2025-02-24 00:00:00+00:00,9472.032977437359,87524.9
2025-02-25 00:00:00+00:00,9472.032977437359,84316.1
2025-02-26 00:00:00+00:00,9472.032977437359,80139.9
2025-02-27 00:00:00+00:00,9472.032977437359,81355.8
2025-02-28 00:00:00+00:00,9472.032977437359,81334.0
2025-03-01 00:00:00+00:00,9472.032977437359,83020.3
2025-03-02 00:00:00+00:00,9472.032977437359,90595.9
2025-03-03 00:00:00+00:00,9472.032977437359,82141.8
2025-03-04 00:00:00+00:00,9472.032977437359,82148.1
2025-03-05 00:00:00+00:00,9472.032977437359,83986.7
2025-03-06 00:00:00+00:00,9472.032977437359,83398.7
2025-03-07 00:00:00+00:00,9472.032977437359,80098.0
2025-03-08 00:00:00+00:00,9472.032977437359,79613.1
2025-03-09 00:00:00+00:00,9472.032977437359,74311.2
2025-03-10 00:00:00+00:00,9472.032977437359,72461.6
2025-03-11 00:00:00+00:00,9472.032977437359,75996.8
2025-03-12 00:00:00+00:00,9472.032977437359,76986.0
2025-03-13 00:00:00+00:00,9472.032977437359,74722.9
2025-03-14 00:00:00+00:00,9472.032977437359,77249.1
2025-03-15 00:00:00+00:00,9472.032977437359,77580.5
2025-03-16 00:00:00+00:00,9472.032977437359,75929.9
2025-03-17 00:00:00+00:00,9472.032977437359,76980.4
2025-03-18 00:00:00+00:00,9472.032977437359,75593.9
2025-03-19 00:00:00+00:00,9472.032977437359,79618.7
2025-03-20 00:00:00+00:00,9472.032977437359,77572.8
2025-03-21 00:00:00+00:00,9472.032977437359,77677.1
2025-03-22 00:00:00+00:00,9472.032977437359,77487.5
2025-03-23 00:00:00+00:00,9472.032977437359,79410.8
2025-03-24 00:00:00+00:00,9472.032977437359,81006.9
2025-03-25 00:00:00+00:00,9472.032977437359,81127.0
2025-03-26 00:00:00+00:00,9472.032977437359,80893.7
2025-03-27 00:00:00+00:00,9472.032977437359,80749.6
2025-03-28 00:00:00+00:00,9472.032977437359,77929.5
2025-03-29 00:00:00+00:00,9270.068062229428,76379.0
2025-03-30 00:00:00+00:00,9247.197249554698,76092.2
2025-03-31 00:00:00+00:00,9247.197249554698,76292.4
2025-04-01 00:00:00+00:00,9524.287477495487,78905.3
2025-04-02 00:00:00+00:00,9151.42970754953,75658.7
2025-04-03 00:00:00+00:00,9105.652245866399,75260.1
2025-04-04 00:00:00+00:00,9250.334750202599,76519.9
2025-04-05 00:00:00+00:00,9228.436755721175,76155.3
2025-04-06 00:00:00+00:00,9228.436755721175,71241.4
2025-04-07 00:00:00+00:00,9228.436755721175,72530.5
2025-04-08 00:00:00+00:00,9228.436755721175,69467.3
2025-04-09 00:00:00+00:00,9228.436755721175,75446.9
2025-04-10 00:00:00+00:00,9228.436755721175,70719.0
2025-04-11 00:00:00+00:00,9228.436755721175,73409.9
2025-04-12 00:00:00+00:00,9228.436755721175,75155.1
2025-04-13 00:00:00+00:00,9228.436755721175,73839.0
2025-04-14 00:00:00+00:00,9228.436755721175,74608.4
2025-04-15 00:00:00+00:00,9228.436755721175,74090.3
2025-04-16 00:00:00+00:00,9228.436755721175,73721.6
2025-04-17 00:00:00+00:00,9228.436755721175,74689.8
2025-04-18 00:00:00+00:00,9228.436755721175,74146.7
2025-04-19 00:00:00+00:00,9228.436755721175,74673.7
2025-04-20 00:00:00+00:00,9228.436755721175,74437.8
2025-04-21 00:00:00+00:00,9228.436755721175,75982.8
2025-04-22 00:00:00+00:00,9228.436755721175,82306.0
2025-04-23 00:00:00+00:00,9228.436755721175,82725.1
2025-04-24 00:00:00+00:00,9199.289449273801,82660.2
2025-04-25 00:00:00+00:00,9270.589684501256,83334.7
2025-04-26 00:00:00+00:00,9268.010402455964,83310.3
2025-04-27 00:00:00+00:00,9203.919471961663,82704.0
2025-04-28 00:00:00+00:00,9263.602367157247,83268.6
2025-04-29 00:00:00+00:00,9213.063238228786,82790.5
2025-04-30 00:00:00+00:00,9256.012512614132,83196.8
2025-05-01 00:00:00+00:00,9492.672211097788,85435.6
2025-05-02 00:00:00+00:00,9528.60245565496,85775.5
2025-05-03 00:00:00+00:00,9435.801156164696,84897.6
2025-05-04 00:00:00+00:00,9266.636194808882,83297.3
2025-05-05 00:00:00+00:00,9316.39308246131,83768.0
2025-05-06 00:00:00+00:00,9486.509418342028,85377.3
2025-05-07 00:00:00+00:00,9531.868841523792,85806.4
2025-05-08 00:00:00+00:00,10176.329944693107,91903.0
2025-05-09 00:00:00+00:00,10130.843671574688,91472.7
2025-05-10 00:00:00+00:00,10291.467403862483,92992.2
2025-05-11 00:00:00+00:00,10257.122783513485,92667.3
2025-05-12 00:00:00+00:00,10255.812000834729,92654.9
2025-05-13 00:00:00+00:00,10309.215824165953,93160.1
2025-05-14 00:00:00+00:00,10246.213688961263,92564.1
2025-05-15 00:00:00+00:00,10264.141813341657,92733.7
2025-05-16 00:00:00+00:00,10254.5646431243,92643.1
2025-05-17 00:00:00+00:00,10230.98112573476,92420.0
2025-05-18 00:00:00+00:00,10511.20320663092,95070.9
2025-05-19 00:00:00+00:00,10396.351159819014,93984.4
2025-05-20 00:00:00+00:00,10464.22644675682,94626.5
2025-05-21 00:00:00+00:00,10686.594385710823,96730.1
2025-05-22 00:00:00+00:00,10919.776281764556,98936.0
2025-05-23 00:00:00+00:00,10446.446313969187,94458.3
2025-05-24 00:00:00+00:00,10493.28565307858,94901.4
2025-05-25 00:00:00+00:00,10596.425222406124,95877.1
2025-05-26 00:00:00+00:00,10623.867092035549,96136.7
2025-05-27 00:00:00+00:00,10621.150389225548,96111.0
2025-05-28 00:00:00+00:00,10602.662010958265,95936.1
2025-05-29 00:00:00+00:00,10276.13970318349,92847.2
2025-05-30 00:00:00+00:00,10156.657633683722,91716.9
2025-05-31 00:00:00+00:00,10215.68513753993,92275.3
2025-06-01 00:00:00+00:00,10304.79721803918,93118.3
2025-06-02 00:00:00+00:00,10235.769710843439,92465.3
2025-06-03 00:00:00+00:00,10254.110097517958,92638.8
2025-06-04 00:00:00+00:00,10154.490613932556,91696.4
2025-06-05 00:00:00+00:00,9837.767463764281,88700.2
2025-06-06 00:00:00+00:00,9813.399508480641,91597.2
2025-06-07 00:00:00+00:00,9813.399508480641,92678.5
2025-06-08 00:00:00+00:00,9813.399508480641,92750.0
2025-06-09 00:00:00+00:00,9813.399508480641,96500.0
2025-06-10 00:00:00+00:00,9813.399508480641,96399.2
2025-06-11 00:00:00+00:00,9813.399508480641,94410.9
2025-06-12 00:00:00+00:00,9813.399508480641,91130.5
2025-06-13 00:00:00+00:00,9813.399508480641,91911.8
2025-06-14 00:00:00+00:00,9813.399508480641,91366.6
2025-06-15 00:00:00+00:00,9813.399508480641,91499.9
2025-06-16 00:00:00+00:00,9813.399508480641,92443.4
2025-06-17 00:00:00+00:00,9813.399508480641,91076.1
2025-06-18 00:00:00+00:00,9813.399508480641,91408.0
2025-06-19 00:00:00+00:00,9813.399508480641,90909.1
2025-06-20 00:00:00+00:00,9813.399508480641,89670.8
2025-06-21 00:00:00+00:00,9813.399508480641,88704.1
2025-06-22 00:00:00+00:00,9813.399508480641,87825.2
2025-06-23 00:00:00+00:00,9813.399508480641,90920.9
2025-06-24 00:00:00+00:00,9813.399508480641,91349.9
2025-06-25 00:00:00+00:00,9813.399508480641,91958.8
2025-06-26 00:00:00+00:00,9813.399508480641,91496.2
2025-06-27 00:00:00+00:00,9813.399508480641,91449.0
2025-06-28 00:00:00+00:00,9813.399508480641,91604.7
2025-06-29 00:00:00+00:00,9813.399508480641,92415.9
2025-06-30 00:00:00+00:00,9813.399508480641,90961.9
2025-07-01 00:00:00+00:00,9813.399508480641,89509.1
2025-07-02 00:00:00+00:00,9813.399508480641,92250.0
2025-07-03 00:00:00+00:00,9813.399508480641,93150.0
2025-07-04 00:00:00+00:00,9813.399508480641,91783.8
2025-07-05 00:00:00+00:00,9813.399508480641,91930.0
2025-07-06 00:00:00+00:00,9813.399508480641,92720.1
2025-07-07 00:00:00+00:00,9813.399508480641,92267.3
2025-07-08 00:00:00+00:00,9856.599352538487,92924.7
2025-07-09 00:00:00+00:00,10051.135146474531,94854.8
2025-07-10 00:00:00+00:00,10451.575905662085,98827.8
2025-07-11 00:00:00+00:00,10566.194891654555,99965.0
2025-07-12 00:00:00+00:00,10549.554375837322,99799.9
2025-07-13 00:00:00+00:00,10729.999654260046,101590.2
2025-07-14 00:00:00+00:00,10832.866464938832,102610.8
2025-07-15 00:00:00+00:00,10713.530482336753,101426.8
2025-07-16 00:00:00+00:00,10771.626141434588,102003.2
2025-07-17 00:00:00+00:00,10826.698084757036,102549.6
2025-07-18 00:00:00+00:00,10716.151036008758,101452.8
2025-07-19 00:00:00+00:00,10707.553604154064,101367.5
2025-07-20 00:00:00+00:00,10653.822174825373,100834.4
2025-07-21 00:00:00+00:00,10610.855173657075,100408.1
2025-07-22 00:00:00+00:00,10791.8245628142,102203.6
2025-07-23 00:00:00+00:00,10655.767431974207,100853.7
2025-07-24 00:00:00+00:00,10640.054188994762,100697.8
2025-07-25 00:00:00+00:00,10576.777896868423,100070.0
2025-07-26 00:00:00+00:00,10608.456359141932,100384.3
2025-07-27 00:00:00+00:00,10728.54827068786,101575.8
2025-07-28 00:00:00+00:00,10751.14550658261,101800.0
2025-07-29 00:00:00+00:00,10780.213494236697,102088.4
2025-07-30 00:00:00+00:00,10879.532478405694,103073.8
2025-07-31 00:00:00+00:00,10709.297280251205,101384.8
2025-08-01 00:00:00+00:00,10352.025103283644,97840.1
2025-08-02 00:00:00+00:00,10288.083593686717,97205.7
2025-08-03 00:00:00+00:00,10432.66760301331,98640.2
2025-08-04 00:00:00+00:00,10505.508916042467,99362.9
2025-08-05 00:00:00+00:00,10427.01325451333,98584.1
2025-08-06 00:00:00+00:00,10433.131239432203,98644.8
2025-08-07 00:00:00+00:00,10407.280840145782,100619.0
2025-08-08 00:00:00+00:00,10407.280840145782,100158.1
2025-08-09 00:00:00+00:00,10407.280840145782,99642.7
2025-08-10 00:00:00+00:00,10407.280840145782,102222.1
2025-08-11 00:00:00+00:00,10407.280840145782,102188.5
2025-08-12 00:00:00+00:00,10407.280840145782,102829.9
2025-08-13 00:00:00+00:00,10407.280840145782,104900.0
2025-08-14 00:00:00+00:00,10073.283054403395,101620.6
2025-08-15 00:00:00+00:00,9958.267039819082,100397.1
2025-08-16 00:00:00+00:00,9970.092961057091,100522.9
2025-08-17 00:00:00+00:00,9954.600816223832,100358.1
2025-08-18 00:00:00+00:00,9888.778001829114,99657.9
2025-08-19 00:00:00+00:00,9635.554758277203,96964.2
2025-08-20 00:00:00+00:00,9742.505080951965,98101.9
2025-08-21 00:00:00+00:00,9623.399816972951,96834.9
2025-08-22 00:00:00+00:00,9602.169718233976,99248.7
2025-08-23 00:00:00+00:00,9602.169718233976,97922.7
2025-08-24 00:00:00+00:00,9602.169718233976,96824.5
2025-08-25 00:00:00+00:00,9602.169718233976,94854.4
2025-08-26 00:00:00+00:00,9602.169718233976,96072.7
2025-08-27 00:00:00+00:00,9602.169718233976,95526.7
2025-08-28 00:00:00+00:00,9602.169718233976,96350.1
2025-08-29 00:00:00+00:00,9602.169718233976,92803.7
2025-08-30 00:00:00+00:00,9602.169718233976,93198.4
2025-08-31 00:00:00+00:00,9602.169718233976,92600.0
2025-09-01 00:00:00+00:00,9602.169718233976,93269.5
2025-09-02 00:00:00+00:00,9602.169718233976,95583.2
2025-09-03 00:00:00+00:00,9602.169718233976,95830.2
2025-09-04 00:00:00+00:00,9602.169718233976,95001.0
2025-09-05 00:00:00+00:00,9602.169718233976,94497.6
2025-09-06 00:00:00+00:00,9602.169718233976,94123.9
2025-09-07 00:00:00+00:00,9602.169718233976,94900.6
2025-09-08 00:00:00+00:00,9602.169718233976,95232.0
2025-09-09 00:00:00+00:00,9602.169718233976,95291.4
2025-09-10 00:00:00+00:00,9602.169718233976,97355.1
2025-09-11 00:00:00+00:00,9602.169718233976,98392.0
2025-09-12 00:00:00+00:00,9602.169718233976,98839.3
2025-09-13 00:00:00+00:00,9602.169718233976,98537.9
2025-09-14 00:00:00+00:00,9602.169718233976,98368.2
2025-09-15 00:00:00+00:00,9552.332437167217,98085.9
2025-09-16 00:00:00+00:00,9581.384375754613,98400.0
2025-09-17 00:00:00+00:00,9588.839282631863,98480.6
2025-09-18 00:00:00+00:00,9668.817669440268,99345.3
2025-09-19 00:00:00+00:00,9595.822477039212,98556.1
2025-09-20 00:00:00+00:00,9601.020563472232,98612.3
2025-09-21 00:00:00+00:00,9568.398408936178,98259.6
2025-09-22 00:00:00+00:00,9320.027919637447,95574.3
2025-09-23 00:00:00+00:00,9251.37063210665,94832.0
2025-09-24 00:00:00+00:00,9408.839353676341,96534.5
2025-09-25 00:00:00+00:00,9131.907136788346,93540.4
2025-09-26 00:00:00+00:00,9159.044477703792,93833.8
2025-09-27 00:00:00+00:00,9157.823574840522,93820.6
2025-09-28 00:00:00+00:00,9346.906281157653,95864.9
2025-09-29 00:00:00+00:00,9323.861832106044,97520.0
2025-09-30 00:00:00+00:00,9323.861832106044,97196.9
2025-10-01 00:00:00+00:00,9323.861832106044,101065.5
2025-10-02 00:00:00+00:00,9323.861832106044,102783.5
2025-10-03 00:00:00+00:00,9323.861832106044,103991.1
2025-10-04 00:00:00+00:00,9298.801847949546,103987.5
2025-10-05 00:00:00+00:00,9388.956250488156,105048.9
2025-10-06 00:00:00+00:00,9493.176574508201,106275.9
2025-10-07 00:00:00+00:00,9315.517870579655,104184.3
2025-10-08 00:00:00+00:00,9472.264558392688,106029.7
2025-10-09 00:00:00+00:00,9401.187486558967,105192.9
2025-10-10 00:00:00+00:00,8822.514117786548,98380.1
2025-10-11 00:00:00+00:00,8674.753990919988,96640.5
2025-10-12 00:00:00+00:00,8897.974049212307,99268.5
2025-10-13 00:00:00+00:00,8933.928786912133,99691.8
2025-10-14 00:00:00+00:00,8753.764378371858,97570.7
2025-10-15 00:00:00+00:00,8549.392315108104,95164.6
2025-10-16 00:00:00+00:00,8325.993884623083,92534.5
2025-10-17 00:00:00+00:00,8234.65882804708,91459.2
2025-10-18 00:00:00+00:00,8214.46081713233,92099.0
2025-10-19 00:00:00+00:00,8214.46081713233,93283.6
2025-10-20 00:00:00+00:00,8214.46081713233,95000.1
2025-10-21 00:00:00+00:00,8214.46081713233,93421.9
2025-10-22 00:00:00+00:00,8214.46081713233,92700.1
2025-10-23 00:00:00+00:00,8214.46081713233,94736.9
2025-10-24 00:00:00+00:00,8214.46081713233,95465.5
2025-10-25 00:00:00+00:00,8214.46081713233,96007.5
2025-10-26 00:00:00+00:00,8214.46081713233,98425.1
2025-10-27 00:00:00+00:00,8214.46081713233,97921.8
2025-10-28 00:00:00+00:00,8214.46081713233,96934.3
2025-10-29 00:00:00+00:00,8214.46081713233,94849.2
2025-10-30 00:00:00+00:00,8214.46081713233,93620.1
2025-10-31 00:00:00+00:00,8214.46081713233,94881.4
2025-11-01 00:00:00+00:00,8214.46081713233,95247.3
2025-11-02 00:00:00+00:00,8214.46081713233,95814.3
2025-11-03 00:00:00+00:00,8214.46081713233,92471.2
2025-11-04 00:00:00+00:00,8214.46081713233,88400.1
2025-11-05 00:00:00+00:00,8214.46081713233,90416.5
2025-11-06 00:00:00+00:00,8214.46081713233,87729.0
2025-11-07 00:00:00+00:00,8214.46081713233,89307.8
2025-11-08 00:00:00+00:00,8214.46081713233,88421.2
2025-11-09 00:00:00+00:00,8214.46081713233,90657.2
2025-11-10 00:00:00+00:00,8214.46081713233,91690.5
2025-11-11 00:00:00+00:00,8214.46081713233,88941.2
2025-11-12 00:00:00+00:00,8214.46081713233,87700.0
2025-11-13 00:00:00+00:00,8214.46081713233,85777.2
2025-11-14 00:00:00+00:00,8214.46081713233,81299.9
2025-11-15 00:00:00+00:00,8214.46081713233,82279.2
2025-11-16 00:00:00+00:00,8214.46081713233,81022.1
2025-11-17 00:00:00+00:00,8214.46081713233,79362.6
2025-11-18 00:00:00+00:00,8214.46081713233,80216.7
2025-11-19 00:00:00+00:00,8214.46081713233,79258.5
2025-11-20 00:00:00+00:00,8214.46081713233,75034.4
2025-11-21 00:00:00+00:00,8214.46081713233,73930.5
2025-11-22 00:00:00+00:00,8214.46081713233,73599.9
2025-11-23 00:00:00+00:00,8214.46081713233,75483.9
2025-11-24 00:00:00+00:00,8214.46081713233,76653.2
2025-11-25 00:00:00+00:00,8214.46081713233,75540.2
2025-11-26 00:00:00+00:00,8214.46081713233,78059.6
2025-11-27 00:00:00+00:00,8214.46081713233,78763.2
2025-11-28 00:00:00+00:00,8214.46081713233,78470.1
2025-11-29 00:00:00+00:00,8214.46081713233,78383.2
2025-11-30 00:00:00+00:00,8214.46081713233,77940.1
2025-12-01 00:00:00+00:00,8214.46081713233,74358.1
2025-12-02 00:00:00+00:00,8214.46081713233,78508.7
2025-12-03 00:00:00+00:00,8214.46081713233,80116.0
2025-12-04 00:00:00+00:00,8214.46081713233,79131.3
2025-12-05 00:00:00+00:00,8214.46081713233,76823.9
2025-12-06 00:00:00+00:00,8214.46081713233,76756.5
2025-12-07 00:00:00+00:00,8214.46081713233,77693.9
2025-12-08 00:00:00+00:00,8214.46081713233,77897.7
2025-12-09 00:00:00+00:00,8214.46081713233,79672.3
2025-12-10 00:00:00+00:00,8214.46081713233,78662.6
2025-12-11 00:00:00+00:00,8214.46081713233,78818.1
2025-12-12 00:00:00+00:00,8214.46081713233,76952.1
2025-12-13 00:00:00+00:00,8194.181213580225,76952.2
2025-12-14 00:00:00+00:00,8010.134747188259,75132.6
2025-12-15 00:00:00+00:00,7990.386365119875,73545.2
2025-12-16 00:00:00+00:00,7990.386365119875,74758.5
2025-12-17 00:00:00+00:00,7990.386365119875,73423.0
2025-12-18 00:00:00+00:00,7990.386365119875,72898.4
2025-12-19 00:00:00+00:00,7990.386365119875,75232.1
2025-12-20 00:00:00+00:00,7990.386365119875,75433.1
2025-12-21 00:00:00+00:00,7990.386365119875,75665.3
2025-12-22 00:00:00+00:00,7990.386365119875,75280.2
2025-12-23 00:00:00+00:00,7990.386365119875,74112.9
2025-12-24 00:00:00+00:00,7990.386365119875,74393.7
2025-12-25 00:00:00+00:00,7990.386365119875,74004.6
2025-12-26 00:00:00+00:00,7990.386365119875,74171.2
2025-12-27 00:00:00+00:00,7990.386365119875,74557.3
2025-12-28 00:00:00+00:00,7990.386365119875,74579.0
2025-12-29 00:00:00+00:00,7990.386365119875,74020.0
2025-12-30 00:00:00+00:00,7990.386365119875,75262.2
2025-12-31 00:00:00+00:00,7990.386365119875,74500.1
2026-01-01 00:00:00+00:00,7990.386365119875,75523.1
2026-01-02 00:00:00+00:00,7990.386365119875,76784.8
2026-01-03 00:00:00+00:00,7990.386365119875,77355.1
2026-01-04 00:00:00+00:00,7990.386365119875,78180.6
2026-01-05 00:00:00+00:00,7990.386365119875,80150.0
2026-01-06 00:00:00+00:00,7974.494710159184,80190.8
2026-01-07 00:00:00+00:00,7787.479039023718,78211.0
2026-01-08 00:00:00+00:00,7777.144907079976,78101.6
2026-01-09 00:00:00+00:00,7750.431081543503,77818.8
2026-01-10 00:00:00+00:00,7744.461089415126,77755.6
2026-01-11 00:00:00+00:00,7784.078410596161,78175.0
2026-01-12 00:00:00+00:00,7782.888190646516,78162.4
2026-01-13 00:00:00+00:00,8136.544100922338,81906.3
2026-01-14 00:00:00+00:00,8264.266036947321,83258.4
2026-01-15 00:00:00+00:00,8175.311264996484,82316.7
2026-01-16 00:00:00+00:00,8177.918413457611,82344.3
2026-01-17 00:00:00+00:00,8153.915644473106,82090.2
2026-01-18 00:00:00+00:00,8012.638425688278,80594.6
2026-01-19 00:00:00+00:00,7910.5628957211175,79514.0
2026-01-20 00:00:00+00:00,7513.8418048863205,75314.2
2026-01-21 00:00:00+00:00,7632.703214619504,76572.5
2026-01-22 00:00:00+00:00,7589.940312142979,76119.8
2026-01-23 00:00:00+00:00,7548.707692458854,75683.3
2026-01-24 00:00:00+00:00,7520.18964461776,75381.4
2026-01-25 00:00:00+00:00,7296.305493613533,73011.3
2026-01-26 00:00:00+00:00,7278.3738495576035,74338.3
2026-01-27 00:00:00+00:00,7278.3738495576035,74150.1
2026-01-28 00:00:00+00:00,7278.3738495576035,74418.6
2026-01-29 00:00:00+00:00,7278.3738495576035,70660.8
2026-01-30 00:00:00+00:00,7278.3738495576035,71001.6
2026-01-31 00:00:00+00:00,7278.3738495576035,66548.4
2026-02-01 00:00:00+00:00,7278.3738495576035,64904.1
2026-02-02 00:00:00+00:00,7278.3738495576035,66700.1
2026-02-03 00:00:00+00:00,7278.3738495576035,64048.2
2026-02-04 00:00:00+00:00,7278.3738495576035,61870.5
2026-02-05 00:00:00+00:00,7278.3738495576035,53369.4
2026-02-06 00:00:00+00:00,7278.3738495576035,59794.6
2026-02-07 00:00:00+00:00,7278.3738495576035,58746.9
2026-02-08 00:00:00+00:00,7278.3738495576035,59487.3
2026-02-09 00:00:00+00:00,7278.3738495576035,58900.8
2026-02-10 00:00:00+00:00,7278.3738495576035,57888.9
2026-02-11 00:00:00+00:00,7278.3738495576035,56472.0
2026-02-12 00:00:00+00:00,7278.3738495576035,55789.4
2026-02-13 00:00:00+00:00,7278.3738495576035,58002.3
2026-02-14 00:00:00+00:00,7278.3738495576035,58901.6
2026-02-15 00:00:00+00:00,7278.3738495576035,57985.3
2026-02-16 00:00:00+00:00,7278.3738495576035,58122.1
2026-02-17 00:00:00+00:00,7278.3738495576035,56938.0
2026-02-18 00:00:00+00:00,7278.3738495576035,56379.6
2026-02-19 00:00:00+00:00,7278.3738495576035,56898.4
2026-02-20 00:00:00+00:00,7278.3738495576035,57706.5
2026-02-21 00:00:00+00:00,7278.3738495576035,57712.6
2026-02-22 00:00:00+00:00,7278.3738495576035,57170.0
2026-02-23 00:00:00+00:00,7278.3738495576035,54811.6
2026-02-24 00:00:00+00:00,7278.3738495576035,54401.7
2026-02-25 00:00:00+00:00,7278.3738495576035,57544.9
2026-02-26 00:00:00+00:00,7278.3738495576035,57181.0
2026-02-27 00:00:00+00:00,7278.3738495576035,55800.5
2026-02-28 00:00:00+00:00,7278.3738495576035,56786.1
2026-03-01 00:00:00+00:00,7278.3738495576035,55916.0
2026-03-02 00:00:00+00:00,7278.3738495576035,58837.1
2026-03-03 00:00:00+00:00,7278.3738495576035,58853.2
2026-03-04 00:00:00+00:00,7278.3738495576035,62491.9
2026-03-05 00:00:00+00:00,7278.3738495576035,61107.1
2026-03-06 00:00:00+00:00,6986.679675778764,58681.8
2026-03-07 00:00:00+00:00,6911.143241550038,58012.5
2026-03-08 00:00:00+00:00,6828.9255628773535,57284.0
2026-03-09 00:00:00+00:00,7015.097536437353,58933.6
2026-03-10 00:00:00+00:00,7165.391678768737,60265.3
2026-03-11 00:00:00+00:00,7227.430193478927,60815.0
2026-03-12 00:00:00+00:00,7273.013886568697,61218.9
2026-03-13 00:00:00+00:00,7374.677146621344,62119.7
2026-03-14 00:00:00+00:00,7411.209559231293,62443.4
2026-03-15 00:00:00+00:00,7551.854269130948,63689.6
2026-03-16 00:00:00+00:00,7714.641887137096,65132.0
2026-03-17 00:00:00+00:00,7596.343231289866,64083.8
2026-03-18 00:00:00+00:00,7381.166531005255,62177.2
2026-03-19 00:00:00+00:00,7180.605052941801,60400.1
2026-03-20 00:00:00+00:00,7242.225989874245,60946.1
2026-03-21 00:00:00+00:00,7091.164407302676,59607.6
2026-03-22 00:00:00+00:00,6990.404018120835,58714.8
2026-03-23 00:00:00+00:00,7256.942785068367,61076.5
2026-03-24 00:00:00+00:00,7218.9432072933605,60739.8
2026-03-25 00:00:00+00:00,7326.136551429688,61689.6
2026-03-26 00:00:00+00:00,7095.802906401437,59648.7
2026-03-27 00:00:00+00:00,6874.283538249422,57685.9
2026-03-28 00:00:00+00:00,6875.81841872979,57699.5
2026-03-29 00:00:00+00:00,6858.898735984117,57454.4
2026-03-30 00:00:00+00:00,6858.898735984117,58245.6
2026-03-31 00:00:00+00:00,6858.898735984117,58968.9
2026-04-01 00:00:00+00:00,6858.898735984117,58765.7
2026-04-02 00:00:00+00:00,6858.898735984117,57986.8
2026-04-03 00:00:00+00:00,6858.898735984117,58130.0
2026-04-04 00:00:00+00:00,6858.898735984117,58442.3
2026-04-05 00:00:00+00:00,6858.898735984117,59939.2
2026-04-06 00:00:00+00:00,6858.898735984117,59654.2
2026-04-07 00:00:00+00:00,6858.898735984117,61536.9
2026-04-08 00:00:00+00:00,6858.898735984117,61009.2
2026-04-09 00:00:00+00:00,6858.898735984117,61420.9
2026-04-10 00:00:00+00:00,6858.898735984117,62260.6
2026-04-11 00:00:00+00:00,6858.898735984117,62363.6
2026-04-12 00:00:00+00:00,6858.898735984117,60631.9
2026-04-13 00:00:00+00:00,7122.803395505563,63236.9
2026-04-14 00:00:00+00:00,7084.817601579553,62882.6
2026-04-15 00:00:00+00:00,7136.612512800708,63365.7
2026-04-16 00:00:00+00:00,7184.965866062435,63816.7
2026-04-17 00:00:00+00:00,7374.015683814997,65580.0
2026-04-18 00:00:00+00:00,7247.171222076748,64396.9
2026-04-19 00:00:00+00:00,7087.626599041765,62908.8
2026-04-20 00:00:00+00:00,7248.232637148347,64406.8
2026-04-21 00:00:00+00:00,7312.828857414846,65009.3
2026-04-22 00:00:00+00:00,7504.323146241391,66795.4
2026-04-23 00:00:00+00:00,7527.095324141151,67007.8
2026-04-24 00:00:00+00:00,7429.112775258904,66093.9
2026-04-25 00:00:00+00:00,7451.091572196053,66298.9
2026-04-26 00:00:00+00:00,7547.069225943058,67194.1
2026-04-27 00:00:00+00:00,7419.474268699637,66004.0
2026-04-28 00:00:00+00:00,7328.889461225504,65159.1
2026-04-29 00:00:00+00:00,7296.007036734657,64852.4
2026-04-30 00:00:00+00:00,7318.940035099809,65066.3
2026-05-01 00:00:00+00:00,7498.7158726813295,66743.1
2026-05-02 00:00:00+00:00,7537.8274098650945,67107.9
2026-05-03 00:00:00+00:00,7522.163496535742,66961.8
2026-05-04 00:00:00+00:00,7662.688419196821,68272.5
2026-05-05 00:00:00+00:00,7749.091894570715,69078.4
2026-05-06 00:00:00+00:00,7775.166252693227,69321.6
2026-05-07 00:00:00+00:00,7655.440776889741,68204.9
2026-05-08 00:00:00+00:00,7640.387981328884,68064.5
2026-05-09 00:00:00+00:00,7686.114600322514,68491.0
2026-05-10 00:00:00+00:00,7828.5479258396,69819.5
2026-05-11 00:00:00+00:00,7782.113696798237,69386.4
2026-05-12 00:00:00+00:00,7697.565017458551,68597.8
2026-05-13 00:00:00+00:00,7599.989880421968,67687.7
2026-05-14 00:00:00+00:00,7795.418909968483,69510.5
2026-05-15 00:00:00+00:00,7638.565349387755,68047.5
2026-05-16 00:00:00+00:00,7556.096614733828,67278.3
2026-05-17 00:00:00+00:00,7490.889276698833,66670.1
2026-05-18 00:00:00+00:00,7421.8865756805435,66026.5
2026-05-19 00:00:00+00:00,7435.106017935912,66149.8
2026-05-20 00:00:00+00:00,7489.581270246962,66657.9
2026-05-21 00:00:00+00:00,7502.789991137972,66781.1
2026-05-22 00:00:00+00:00,7318.875706913652,65065.7
2026-05-23 00:00:00+00:00,7300.310547358864,66058.1
2026-05-24 00:00:00+00:00,7300.310547358864,66145.5
2026-05-25 00:00:00+00:00,7300.310547358864,66416.8
2026-05-26 00:00:00+00:00,7300.310547358864,65168.4
2026-05-27 00:00:00+00:00,7300.310547358864,63991.1
2026-05-28 00:00:00+00:00,7300.310547358864,63101.1
2026-05-29 00:00:00+00:00,7300.310547358864,62944.4
2026-05-30 00:00:00+00:00,7300.310547358864,63275.2
2026-05-31 00:00:00+00:00,7300.310547358864,63167.3
2026-06-01 00:00:00+00:00,7300.310547358864,61318.6
2026-06-02 00:00:00+00:00,7300.310547358864,57385.2
2026-06-03 00:00:00+00:00,7300.310547358864,55188.5
2026-06-04 00:00:00+00:00,7300.310547358864,54981.3
2026-06-05 00:00:00+00:00,7300.310547358864,53017.0
2026-06-06 00:00:00+00:00,7300.310547358864,52923.1
2026-06-07 00:00:00+00:00,7300.310547358864,54961.1
2026-06-08 00:00:00+00:00,7300.310547358864,54711.6
2026-06-09 00:00:00+00:00,7300.310547358864,53495.5
2026-06-10 00:00:00+00:00,7300.310547358864,53294.2
2026-06-11 00:00:00+00:00,7300.310547358864,54919.1
2026-06-12 00:00:00+00:00,7300.310547358864,54945.3
2026-06-13 00:00:00+00:00,7300.310547358864,55744.8
2026-06-14 00:00:00+00:00,7300.310547358864,56662.9
2026-06-15 00:00:00+00:00,7300.310547358864,57189.0
2026-06-16 00:00:00+00:00,7300.310547358864,56527.1
2026-06-17 00:00:00+00:00,7300.310547358864,56014.0
2026-06-18 00:00:00+00:00,7300.310547358864,54888.8
2026-06-19 00:00:00+00:00,7300.310547358864,55369.4
2026-06-20 00:00:00+00:00,7300.310547358864,56020.0
2026-06-21 00:00:00+00:00,7300.310547358864,55170.2
2026-06-22 00:00:00+00:00,7300.310547358864,55979.4
2026-06-23 00:00:00+00:00,7300.310547358864,55060.7
2026-06-24 00:00:00+00:00,7300.310547358864,53720.2
2026-06-25 00:00:00+00:00,7300.310547358864,52554.4
2026-06-26 00:00:00+00:00,7300.310547358864,52725.6
2026-06-27 00:00:00+00:00,7300.310547358864,52657.9
2026-06-28 00:00:00+00:00,7300.310547358864,52247.5
2026-06-29 00:00:00+00:00,7300.310547358864,52694.0
2026-06-30 00:00:00+00:00,7300.310547358864,51298.0
2026-07-01 00:00:00+00:00,7300.310547358864,52701.6
2026-07-02 00:00:00+00:00,7300.310547358864,53831.8
2026-07-03 00:00:00+00:00,7300.310547358864,54712.9
2026-07-04 00:00:00+00:00,7300.310547358864,55205.5
2026-07-05 00:00:00+00:00,7300.310547358864,55603.3
2026-07-06 00:00:00+00:00,7300.310547358864,55946.4
2026-07-07 00:00:00+00:00,7300.310547358864,55519.4
2026-07-08 00:00:00+00:00,7300.310547358864,54524.1
2026-07-09 00:00:00+00:00,7300.310547358864,55294.9
2026-07-10 00:00:00+00:00,7300.310547358864,56197.7
2026-07-11 00:00:00+00:00,7245.659965986867,55900.0
2026-07-12 00:00:00+00:00,7245.955378270458,55902.4
2026-07-13 00:00:00+00:00,7098.938531803795,54708.0
2026-07-14 00:00:00+00:00,7366.926708400594,56885.2
2026-07-15 00:00:00+00:00,7311.820008665895,56437.5
2026-07-16 00:00:00+00:00,7227.012065585243,55748.5
2026-07-17 00:00:00+00:00,7243.308976563297,55880.9
2026-07-18 00:00:00+00:00,7340.57347093533,56671.1
2026-07-19 00:00:00+00:00,7333.6435911161125,56614.8
2026-07-20 00:00:00+00:00,7396.935672875287,57129.0
2026-07-21 00:00:00+00:00,7545.109550786011,58332.8
2026-07-22 00:00:00+00:00,7494.778682969351,57923.9
2026-07-23 00:00:00+00:00,7403.927096920253,57185.8
2026-07-24 00:00:00+00:00,7305.813292232897,56388.7
2026-07-25 00:00:00+00:00,7330.16018793878,56586.5
2026-07-26 00:00:00+00:00,7424.125911810724,57349.9
2026-07-27 00:00:00+00:00,7264.750984813876,56055.1
2026-07-28 00:00:00+00:00,7269.662214028561,56095.0
2026-07-29 00:00:00+00:00,7226.3227702568665,55742.9
2026-07-30 00:00:00+00:00,7279.693922825474,56176.5
2026-07-31 00:00:00+00:00,7073.336133892654,54500.0
2026-08-01 00:00:00+00:00,7071.735984023208,54487.0
2026-08-02 00:00:00+00:00,7054.531770836797,55022.5
2026-08-03 00:00:00+00:00,7054.531770836797,55153.7
2026-08-04 00:00:00+00:00,7054.531770836797,55556.3
2026-08-05 00:00:00+00:00,7054.531770836797,55901.4
2026-08-06 00:00:00+00:00,7054.531770836797,55769.0
2026-08-07 00:00:00+00:00,7054.531770836797,56158.5
2026-08-08 00:00:00+00:00,7054.531770836797,56198.5
2026-08-09 00:00:00+00:00,7054.531770836797,56138.4
2026-08-10 00:00:00+00:00,7054.531770836797,55364.2
2026-08-11 00:00:00+00:00,7054.531770836797,55058.6
2026-08-12 00:00:00+00:00,7054.531770836797,55019.6
2026-08-13 00:00:00+00:00,7054.531770836797,55006.0
2026-08-14 00:00:00+00:00,7054.531770836797,54460.8
2026-08-15 00:00:00+00:00,7054.531770836797,54525.1
2026-08-16 00:00:00+00:00,7054.531770836797,54299.8
2026-08-17 00:00:00+00:00,7054.531770836797,55663.3
2026-08-18 00:00:00+00:00,7054.531770836797,55880.9
2026-08-19 00:00:00+00:00,7054.531770836797,59346.9
2026-08-20 00:00:00+00:00,7054.531770836797,62485.8
2026-08-21 00:00:00+00:00,7520.745051443313,67000.0
2026-08-22 00:00:00+00:00,7395.144250317248,65826.0
2026-08-23 00:00:00+00:00,7466.471383290627,66492.7
2026-08-24 00:00:00+00:00,7595.581303903008,67699.5
2026-08-25 00:00:00+00:00,7545.22329956737,67228.8
2026-08-26 00:00:00+00:00,7605.0174117899915,67787.7
2026-08-27 00:00:00+00:00,7724.487952350022,68904.4
2026-08-28 00:00:00+00:00,7539.991715942953,67179.9
2026-08-29 00:00:00+00:00,7584.572511368195,67596.6
2026-08-30 00:00:00+00:00,7525.81615704244,67047.4
2026-08-31 00:00:00+00:00,7586.369865251428,67613.4
2026-09-01 00:00:00+00:00,7497.379450961259,66781.6
2026-09-02 00:00:00+00:00,7493.870331474942,66748.8
2026-09-03 00:00:00+00:00,7828.595396622402,69877.5
2026-09-04 00:00:00+00:00,7695.7730843583395,68636.0
2026-09-05 00:00:00+00:00,7708.290370330869,68753.0
2026-09-06 00:00:00+00:00,7755.674181931153,69195.9
2026-09-07 00:00:00+00:00,7632.64102920971,68045.9
2026-09-08 00:00:00+00:00,7572.504563866473,67483.8
2026-09-09 00:00:00+00:00,7555.044554715048,67320.6
2026-09-10 00:00:00+00:00,7406.292123807312,65930.2
2026-09-11 00:00:00+00:00,7476.4959106036695,66586.4
2026-09-12 00:00:00+00:00,7485.664555115173,66672.1
2026-09-13 00:00:00+00:00,7442.249900007032,66266.3
2026-09-14 00:00:00+00:00,7594.554244541159,67689.9
2026-09-15 00:00:00+00:00,7363.369601310058,65529.0
2026-09-16 00:00:00+00:00,7457.2064519639525,66406.1
2026-09-17 00:00:00+00:00,7472.580246786623,66549.8
2026-09-18 00:00:00+00:00,7453.993932243389,70324.3
2026-09-19 00:00:00+00:00,7453.993932243389,70654.8
2026-09-20 00:00:00+00:00,7453.993932243389,70662.4
2026-09-21 00:00:00+00:00,7921.880993121892,75552.6
2026-09-22 00:00:00+00:00,7895.622137110017,75289.8
2026-09-23 00:00:00+00:00,7782.053584054093,74153.2
2026-09-24 00:00:00+00:00,7786.110317517116,74193.8
2026-09-25 00:00:00+00:00,7750.678847418901,73839.2
2026-09-26 00:00:00+00:00,7783.202658803471,74164.7
2026-09-27 00:00:00+00:00,7788.688241737459,74219.6
2026-09-28 00:00:00+00:00,7708.3729127331035,73415.8
2026-09-29 00:00:00+00:00,7742.1157425474485,73753.5
2026-09-30 00:00:00+00:00,7746.632105910221,73798.7
