timestamp,side,price,amount,fee,cash_after,base_after
2025-01-12 00:00:00+00:00,buy,92250.5,0.1027127224242687,24.7,500.0,0.1027127224242687
2025-01-13 00:00:00+00:00,sell,92249.6,0.1027127224242687,24.63553965222953,9950.572018897588,0.0
2025-01-16 00:00:00+00:00,buy,97500.0,0.09670221030836955,24.577912886677044,497.52860094487914,0.09670221030836955
2025-02-07 00:00:00+00:00,sell,93047.5,0.09670221030836955,23.39453717553684,9472.032977437359,0.0
2025-03-29 00:00:00+00:00,buy,77929.5,0.11516865124389634,23.395921454270272,473.60164887186875,0.11516865124389634
2025-03-30 00:00:00+00:00,sell,76379.0,0.11516865124389634,22.870812674729653,9247.197249554698,0.0
2025-04-01 00:00:00+00:00,buy,76293.7,0.11484561385632842,22.840577206400102,462.3598624777351,0.11484561385632842
2025-04-05 00:00:00+00:00,sell,76528.2,0.11484561385632842,22.851213076431666,9228.436755721175,0.0
2025-04-24 00:00:00+00:00,buy,82720.3,0.10570828054478143,22.7942387866313,461.42183778605977,0.10570828054478143
2025-06-06 00:00:00+00:00,sell,88700.3,0.10570828054478143,24.378526111696317,9813.399508480641,0.0
2025-07-08 00:00:00+00:00,buy,92255.6,0.10079052584635145,24.23909678594718,490.6699754240326,0.10079052584635145
2025-08-07 00:00:00+00:00,sell,98644.8,0.10079052584635145,25.850399286421244,10407.280840145782,0.0
2025-08-14 00:00:00+00:00,buy,104900.1,0.09400573321153491,25.70598367516008,520.3640420072898,0.09400573321153491
2025-08-22 00:00:00+00:00,sell,96860.9,0.09400573321153491,23.67424780247582,9602.169718233976,0.0
2025-09-15 00:00:00+00:00,buy,98368.3,0.09249264115694017,23.717359204037916,480.1084859117,0.09249264115694017
2025-09-29 00:00:00+00:00,sell,95865.0,0.09249264115694017,23.05369831572618,9323.861832106044,0.0
2025-10-04 00:00:00+00:00,buy,104011.4,0.08493913938063943,23.02993872530193,466.19309160530247,0.08493913938063943
2025-10-18 00:00:00+00:00,sell,91459.2,0.08493913938063943,20.19801091474862,8214.46081713233,0.0
2025-12-13 00:00:00+00:00,buy,76952.1,0.10114666211912861,20.289718218316857,410.72304085661654,0.10114666211912861
2025-12-15 00:00:00+00:00,sell,75132.7,0.10114666211912861,19.758496734594416,7990.386365119875,0.0
2026-01-06 00:00:00+00:00,buy,80150.1,0.09446190076546424,19.73625432184609,399.5193182559942,0.09446190076546424
2026-01-26 00:00:00+00:00,sell,73011.3,0.09446190076546424,17.9316440559296,7278.3738495576035,0.0
2026-03-06 00:00:00+00:00,buy,61107.1,0.11285885885062973,17.97758340840728,363.91869247788054,0.11285885885062973
2026-03-29 00:00:00+00:00,sell,57699.6,0.11285885885062973,16.930968631558265,6858.898735984117,0.0
2026-04-13 00:00:00+00:00,buy,60617.4,0.1072136435958492,16.941479877880766,342.9449367992065,0.1072136435958492
2026-05-23 00:00:00+00:00,sell,65061.7,0.1072136435958492,18.13630498040416,7300.310547358864,0.0
2026-07-11 00:00:00+00:00,buy,56197.5,0.12308845149586625,18.03176705197639,365.01552736794383,0.12308845149586625
2026-08-02 00:00:00+00:00,sell,54488.9,0.12308845149586625,17.43808124425408,7054.531770836797,0.0
2026-08-21 00:00:00+00:00,buy,62479.4,0.1069853501925593,17.424693473966887,352.7265885418401,0.1069853501925593
2026-09-18 00:00:00+00:00,sell,66549.1,0.1069853501925593,18.511424798099085,7453.993932243389,0.0
2026-09-21 00:00:00+00:00,buy,70685.7,0.09991954342418026,18.41136501264117,372.69969661216965,0.09991954342418026
